fname,itp,tp_prob,its,ts_prob
CM_TAPM_00_HHE_100_2020010114000000.mseed_0,[],[],[],[]
CM_URMC_00_HHE_100_2020010113595999.mseed_0,[],[],[],[]
CM_URMC_00_HHE_100_2020010113595999.mseed_3000,[2687],[ 0.365653],[],[]
CM_TAPM_00_HHE_100_2020010114000000.mseed_3000,[],[],[],[]
CM_URMC_00_HHE_100_2020010113595999.mseed_6000,[],[],[],[]
CM_TAPM_00_HHE_100_2020010114000000.mseed_6000,[2837],[ 0.3658202],[],[]
CM_URMC_00_HHE_100_2020010113595999.mseed_9000,[],[],[],[]
CM_TAPM_00_HHE_100_2020010114000000.mseed_9000,[],[],[],[]
CM_URMC_00_HHE_100_2020010113595999.mseed_12000,[],[],[],[]
CM_TAPM_00_HHE_100_2020010114000000.mseed_12000,[],[],[],[]
CM_URMC_00_HHE_100_2020010113595999.mseed_15000,[],[],[],[]
CM_TAPM_00_HHE_100_2020010114000000.mseed_15000,[ 928 2777],[ 0.6471479   0.34396377],[],[]
CM_URMC_00_HHE_100_2020010113595999.mseed_18000,[],[],[],[]
CM_TAPM_00_HHE_100_2020010114000000.mseed_18000,[],[],[],[]
CM_URMC_00_HHE_100_2020010113595999.mseed_21000,[970],[ 0.78271383],[ 276 1318],[ 0.72706544  0.7122136 ]
CM_TAPM_00_HHE_100_2020010114000000.mseed_21000,[],[],[],[]
CM_URMC_00_HHE_100_2020010113595999.mseed_24000,[],[],[],[]
CM_TAPM_00_HHE_100_2020010114000000.mseed_24000,[],[],[],[]
CM_URMC_00_HHE_100_2020010113595999.mseed_27000,[],[],[],[]
CM_TAPM_00_HHE_100_2020010114000000.mseed_27000,[],[],[],[]
CM_URMC_00_HHE_100_2020010113595999.mseed_30000,[2799],[ 0.61611617],[],[]
CM_TAPM_00_HHE_100_2020010114000000.mseed_30000,[],[],[],[]
CM_URMC_00_HHE_100_2020010113595999.mseed_33000,[],[],[],[]
CM_TAPM_00_HHE_100_2020010114000000.mseed_33000,[],[],[],[]
CM_URMC_00_HHE_100_2020010113595999.mseed_36000,[],[],[],[]
CM_TAPM_00_HHE_100_2020010114000000.mseed_36000,[],[],[],[]
CM_URMC_00_HHE_100_2020010113595999.mseed_39000,[],[],[],[]
CM_TAPM_00_HHE_100_2020010114000000.mseed_39000,[],[],[],[]
CM_URMC_00_HHE_100_2020010113595999.mseed_42000,[],[],[],[]
CM_TAPM_00_HHE_100_2020010114000000.mseed_42000,[1347],[ 0.7036075],[1549],[ 0.46754032]
CM_URMC_00_HHE_100_2020010113595999.mseed_45000,[],[],[],[]
CM_TAPM_00_HHE_100_2020010114000000.mseed_45000,[],[],[],[]
CM_TAPM_00_HHE_100_2020010114000000.mseed_48000,[],[],[],[]
CM_URMC_00_HHE_100_2020010113595999.mseed_48000,[],[],[],[]
CM_URMC_00_HHE_100_2020010113595999.mseed_51000,[],[],[],[]
CM_TAPM_00_HHE_100_2020010114000000.mseed_51000,[],[],[],[]
CM_URMC_00_HHE_100_2020010113595999.mseed_54000,[],[],[],[]
CM_TAPM_00_HHE_100_2020010114000000.mseed_54000,[],[],[],[]
CM_URMC_00_HHE_100_2020010113595999.mseed_57000,[],[],[],[]
CM_TAPM_00_HHE_100_2020010114000000.mseed_57000,[],[],[],[]
CM_URMC_00_HHE_100_2020010113595999.mseed_60000,[],[],[],[]
CM_TAPM_00_HHE_100_2020010114000000.mseed_60000,[],[],[947],[ 0.4736513]
CM_URMC_00_HHE_100_2020010113595999.mseed_63000,[],[],[],[]
CM_TAPM_00_HHE_100_2020010114000000.mseed_63000,[],[],[],[]
CM_URMC_00_HHE_100_2020010113595999.mseed_66000,[],[],[],[]
CM_URMC_00_HHE_100_2020010113595999.mseed_69000,[],[],[],[]
CM_TAPM_00_HHE_100_2020010114000000.mseed_66000,[],[],[],[]
CM_URMC_00_HHE_100_2020010113595999.mseed_72000,[],[],[],[]
CM_TAPM_00_HHE_100_2020010114000000.mseed_69000,[],[],[],[]
CM_URMC_00_HHE_100_2020010113595999.mseed_75000,[],[],[],[]
CM_TAPM_00_HHE_100_2020010114000000.mseed_72000,[],[],[],[]
CM_TAPM_00_HHE_100_2020010114000000.mseed_75000,[],[],[],[]
CM_URMC_00_HHE_100_2020010113595999.mseed_78000,[],[],[],[]
CM_TAPM_00_HHE_100_2020010114000000.mseed_78000,[],[],[],[]
CM_URMC_00_HHE_100_2020010113595999.mseed_81000,[],[],[],[]
CM_TAPM_00_HHE_100_2020010114000000.mseed_81000,[],[],[],[]
CM_URMC_00_HHE_100_2020010113595999.mseed_84000,[],[],[],[]
CM_TAPM_00_HHE_100_2020010114000000.mseed_84000,[],[],[],[]
CM_URMC_00_HHE_100_2020010113595999.mseed_87000,[776],[ 0.95306265],[1147],[ 0.5070781]
CM_TAPM_00_HHE_100_2020010114000000.mseed_87000,[],[],[],[]
CM_URMC_00_HHE_100_2020010113595999.mseed_90000,[],[],[],[]
CM_TAPM_00_HHE_100_2020010114000000.mseed_90000,[2121],[ 0.7005193],[ 977 2320],[ 0.32126105  0.67786247]
CM_URMC_00_HHE_100_2020010113595999.mseed_93000,[],[],[],[]
CM_TAPM_00_HHE_100_2020010114000000.mseed_93000,[],[],[],[]
CM_URMC_00_HHE_100_2020010113595999.mseed_96000,[],[],[],[]
CM_TAPM_00_HHE_100_2020010114000000.mseed_96000,[],[],[],[]
CM_URMC_00_HHE_100_2020010113595999.mseed_99000,[],[],[],[]
CM_TAPM_00_HHE_100_2020010114000000.mseed_99000,[],[],[],[]
CM_URMC_00_HHE_100_2020010113595999.mseed_102000,[207],[ 0.88011414],[575],[ 0.75852656]
CM_TAPM_00_HHE_100_2020010114000000.mseed_102000,[],[],[],[]
CM_URMC_00_HHE_100_2020010113595999.mseed_105000,[],[],[329],[ 0.7163411]
CM_URMC_00_HHE_100_2020010113595999.mseed_108000,[],[],[],[]
CM_TAPM_00_HHE_100_2020010114000000.mseed_105000,[1460],[ 0.35031024],[1691],[ 0.5420465]
CM_TAPM_00_HHE_100_2020010114000000.mseed_108000,[622],[ 0.9064731],[699],[ 0.42669126]
CM_TAPM_00_HHE_100_2020010114000000.mseed_111000,[],[],[],[]
CM_TAPM_00_HHE_100_2020010114000000.mseed_114000,[2697],[ 0.34040183],[],[]
CM_TAPM_00_HHE_100_2020010114000000.mseed_117000,[],[],[],[]
CM_URMC_00_HHE_100_2020010113595999.mseed_111000,[],[],[],[]
CM_TAPM_00_HHE_100_2020010114000000.mseed_120000,[],[],[],[]
CM_URMC_00_HHE_100_2020010113595999.mseed_114000,[],[],[],[]
CM_URMC_00_HHE_100_2020010113595999.mseed_117000,[],[],[],[]
CM_TAPM_00_HHE_100_2020010114000000.mseed_123000,[],[],[],[]
CM_URMC_00_HHE_100_2020010113595999.mseed_120000,[],[],[],[]
CM_URMC_00_HHE_100_2020010113595999.mseed_123000,[],[],[],[]
CM_TAPM_00_HHE_100_2020010114000000.mseed_126000,[],[],[],[]
CM_URMC_00_HHE_100_2020010113595999.mseed_126000,[2427],[ 0.9384149],[2782],[ 0.79804254]
CM_TAPM_00_HHE_100_2020010114000000.mseed_129000,[],[],[],[]
CM_URMC_00_HHE_100_2020010113595999.mseed_129000,[],[],[],[]
CM_TAPM_00_HHE_100_2020010114000000.mseed_132000,[],[],[],[]
CM_URMC_00_HHE_100_2020010113595999.mseed_132000,[],[],[],[]
CM_TAPM_00_HHE_100_2020010114000000.mseed_135000,[],[],[],[]
CM_URMC_00_HHE_100_2020010113595999.mseed_135000,[],[],[],[]
CM_TAPM_00_HHE_100_2020010114000000.mseed_138000,[],[],[],[]
CM_URMC_00_HHE_100_2020010113595999.mseed_138000,[],[],[],[]
CM_URMC_00_HHE_100_2020010113595999.mseed_141000,[47],[ 0.9571061],[417],[ 0.6840515]
CM_TAPM_00_HHE_100_2020010114000000.mseed_141000,[2353],[ 0.46575034],[],[]
CM_TAPM_00_HHE_100_2020010114000000.mseed_144000,[1255],[ 0.7518142],[1463],[ 0.6525679]
CM_TAPM_00_HHE_100_2020010114000000.mseed_147000,[],[],[],[]
CM_URMC_00_HHE_100_2020010113595999.mseed_144000,[],[],[],[]
CM_TAPM_00_HHE_100_2020010114000000.mseed_150000,[],[],[],[]
CM_TAPM_00_HHE_100_2020010114000000.mseed_153000,[1138],[ 0.48509517],[1145],[ 0.40578312]
CM_URMC_00_HHE_100_2020010113595999.mseed_147000,[],[],[],[]
CM_TAPM_00_HHE_100_2020010114000000.mseed_156000,[],[],[],[]
CM_TAPM_00_HHE_100_2020010114000000.mseed_159000,[1377],[ 0.5491984],[1645],[ 0.7559612]
CM_URMC_00_HHE_100_2020010113595999.mseed_150000,[],[],[],[]
CM_TAPM_00_HHE_100_2020010114000000.mseed_162000,[],[],[],[]
CM_URMC_00_HHE_100_2020010113595999.mseed_153000,[],[],[],[]
CM_TAPM_00_HHE_100_2020010114000000.mseed_165000,[],[],[],[]
CM_URMC_00_HHE_100_2020010113595999.mseed_156000,[54],[ 0.9482284],[408],[ 0.80304354]
CM_TAPM_00_HHE_100_2020010114000000.mseed_168000,[],[],[],[]
CM_URMC_00_HHE_100_2020010113595999.mseed_159000,[],[],[2657],[ 0.6820689]
CM_TAPM_00_HHE_100_2020010114000000.mseed_171000,[],[],[],[]
CM_URMC_00_HHE_100_2020010113595999.mseed_162000,[],[],[],[]
CM_TAPM_00_HHE_100_2020010114000000.mseed_174000,[],[],[],[]
CM_TAPM_00_HHE_100_2020010114000000.mseed_177000,[288],[ 0.39531338],[296],[ 0.41217828]
CM_URMC_00_HHE_100_2020010113595999.mseed_165000,[],[],[],[]
CM_TAPM_00_HHE_100_2020010114000000.mseed_180000,[],[],[],[]
CM_TAPM_00_HHE_100_2020010114000000.mseed_183000,[],[],[],[]
CM_URMC_00_HHE_100_2020010113595999.mseed_168000,[],[],[],[]
CM_TAPM_00_HHE_100_2020010114000000.mseed_186000,[],[],[],[]
CM_URMC_00_HHE_100_2020010113595999.mseed_171000,[],[],[385],[ 0.68121296]
CM_TAPM_00_HHE_100_2020010114000000.mseed_189000,[],[],[],[]
CM_URMC_00_HHE_100_2020010113595999.mseed_174000,[],[],[],[]
CM_URMC_00_HHE_100_2020010113595999.mseed_177000,[],[],[],[]
CM_URMC_00_HHE_100_2020010113595999.mseed_180000,[],[],[],[]
CM_TAPM_00_HHE_100_2020010114000000.mseed_192000,[],[],[],[]
CM_URMC_00_HHE_100_2020010113595999.mseed_183000,[],[],[],[]
CM_TAPM_00_HHE_100_2020010114000000.mseed_195000,[],[],[],[]
CM_URMC_00_HHE_100_2020010113595999.mseed_186000,[],[],[56],[ 0.6532558]
CM_TAPM_00_HHE_100_2020010114000000.mseed_198000,[],[],[],[]
CM_TAPM_00_HHE_100_2020010114000000.mseed_201000,[],[],[],[]
CM_URMC_00_HHE_100_2020010113595999.mseed_189000,[],[],[],[]
CM_URMC_00_HHE_100_2020010113595999.mseed_192000,[],[],[],[]
CM_URMC_00_HHE_100_2020010113595999.mseed_195000,[],[],[],[]
CM_URMC_00_HHE_100_2020010113595999.mseed_198000,[],[],[],[]
CM_URMC_00_HHE_100_2020010113595999.mseed_201000,[],[],[],[]
CM_URMC_00_HHE_100_2020010113595999.mseed_204000,[],[],[],[]
CM_TAPM_00_HHE_100_2020010114000000.mseed_204000,[],[],[],[]
CM_TAPM_00_HHE_100_2020010114000000.mseed_207000,[],[],[],[]
CM_URMC_00_HHE_100_2020010113595999.mseed_207000,[],[],[],[]
CM_TAPM_00_HHE_100_2020010114000000.mseed_210000,[1908],[ 0.55644816],[],[]
CM_URMC_00_HHE_100_2020010113595999.mseed_210000,[1706],[ 0.96104985],[2054],[ 0.8948584]
CM_URMC_00_HHE_100_2020010113595999.mseed_213000,[],[],[],[]
CM_TAPM_00_HHE_100_2020010114000000.mseed_213000,[],[],[670],[ 0.6464779]
CM_URMC_00_HHE_100_2020010113595999.mseed_216000,[],[],[],[]
CM_URMC_00_HHE_100_2020010113595999.mseed_219000,[762],[ 0.96087855],[1125],[ 0.8383467]
CM_URMC_00_HHE_100_2020010113595999.mseed_222000,[],[],[],[]
CM_URMC_00_HHE_100_2020010113595999.mseed_225000,[],[],[],[]
CM_URMC_00_HHE_100_2020010113595999.mseed_228000,[],[],[],[]
CM_URMC_00_HHE_100_2020010113595999.mseed_231000,[],[],[],[]
CM_TAPM_00_HHE_100_2020010114000000.mseed_216000,[],[],[261],[ 0.5493482]
CM_URMC_00_HHE_100_2020010113595999.mseed_234000,[],[],[],[]
CM_TAPM_00_HHE_100_2020010114000000.mseed_219000,[],[],[2553],[ 0.35389557]
CM_URMC_00_HHE_100_2020010113595999.mseed_237000,[],[],[],[]
CM_TAPM_00_HHE_100_2020010114000000.mseed_222000,[  49 2072],[ 0.73802847  0.68858266],[2302],[ 0.69744617]
CM_URMC_00_HHE_100_2020010113595999.mseed_240000,[],[],[],[]
CM_URMC_00_HHE_100_2020010113595999.mseed_243000,[],[],[],[]
CM_URMC_00_HHE_100_2020010113595999.mseed_246000,[],[],[],[]
CM_URMC_00_HHE_100_2020010113595999.mseed_249000,[318],[ 0.96759564],[672],[ 0.8417373]
CM_TAPM_00_HHE_100_2020010114000000.mseed_225000,[],[],[],[]
CM_URMC_00_HHE_100_2020010113595999.mseed_252000,[],[],[],[]
CM_TAPM_00_HHE_100_2020010114000000.mseed_228000,[],[],[],[]
CM_TAPM_00_HHE_100_2020010114000000.mseed_231000,[],[],[],[]
CM_URMC_00_HHE_100_2020010113595999.mseed_255000,[],[],[],[]
CM_TAPM_00_HHE_100_2020010114000000.mseed_234000,[],[],[],[]
CM_URMC_00_HHE_100_2020010113595999.mseed_258000,[],[],[],[]
CM_TAPM_00_HHE_100_2020010114000000.mseed_237000,[],[],[],[]
CM_URMC_00_HHE_100_2020010113595999.mseed_261000,[],[],[],[]
CM_TAPM_00_HHE_100_2020010114000000.mseed_240000,[],[],[],[]
CM_URMC_00_HHE_100_2020010113595999.mseed_264000,[694],[ 0.9450565],[1065],[ 0.6637272]
CM_URMC_00_HHE_100_2020010113595999.mseed_267000,[],[],[],[]
CM_TAPM_00_HHE_100_2020010114000000.mseed_243000,[],[],[],[]
CM_TAPM_00_HHE_100_2020010114000000.mseed_246000,[1139],[ 0.3995708],[],[]
CM_URMC_00_HHE_100_2020010113595999.mseed_270000,[],[],[],[]
CM_TAPM_00_HHE_100_2020010114000000.mseed_249000,[2647],[ 0.4617247],[2741],[ 0.38783643]
CM_URMC_00_HHE_100_2020010113595999.mseed_273000,[],[],[],[]
CM_TAPM_00_HHE_100_2020010114000000.mseed_252000,[1650],[ 0.8778191],[1905],[ 0.6822528]
CM_URMC_00_HHE_100_2020010113595999.mseed_276000,[],[],[],[]
CM_TAPM_00_HHE_100_2020010114000000.mseed_255000,[],[],[],[]
CM_URMC_00_HHE_100_2020010113595999.mseed_279000,[],[],[],[]
CM_URMC_00_HHE_100_2020010113595999.mseed_282000,[],[],[],[]
CM_TAPM_00_HHE_100_2020010114000000.mseed_258000,[],[],[],[]
CM_URMC_00_HHE_100_2020010113595999.mseed_285000,[],[],[],[]
CM_TAPM_00_HHE_100_2020010114000000.mseed_261000,[],[],[],[]
CM_URMC_00_HHE_100_2020010113595999.mseed_288000,[],[],[],[]
CM_URMC_00_HHE_100_2020010113595999.mseed_291000,[],[],[],[]
CM_URMC_00_HHE_100_2020010113595999.mseed_294000,[],[],[],[]
CM_URMC_00_HHE_100_2020010113595999.mseed_297000,[],[],[],[]
CM_URMC_00_HHE_100_2020010113595999.mseed_300000,[],[],[],[]
CM_URMC_00_HHE_100_2020010113595999.mseed_303000,[],[],[],[]
CM_URMC_00_HHE_100_2020010113595999.mseed_306000,[],[],[],[]
CM_TAPM_00_HHE_100_2020010114000000.mseed_264000,[],[],[224],[ 0.35835633]
CM_TAPM_00_HHE_100_2020010114000000.mseed_267000,[1943],[ 0.73402566],[2152],[ 0.47204515]
CM_URMC_00_HHE_100_2020010113595999.mseed_309000,[],[],[1009],[ 0.77542096]
CM_URMC_00_HHE_100_2020010113595999.mseed_312000,[],[],[],[]
CM_TAPM_00_HHE_100_2020010114000000.mseed_270000,[],[],[],[]
CM_URMC_00_HHE_100_2020010113595999.mseed_315000,[],[],[],[]
CM_TAPM_00_HHE_100_2020010114000000.mseed_273000,[],[],[],[]
CM_URMC_00_HHE_100_2020010113595999.mseed_318000,[],[],[],[]
CM_TAPM_00_HHE_100_2020010114000000.mseed_276000,[],[],[],[]
CM_URMC_00_HHE_100_2020010113595999.mseed_321000,[],[],[],[]
CM_TAPM_00_HHE_100_2020010114000000.mseed_279000,[],[],[],[]
CM_URMC_00_HHE_100_2020010113595999.mseed_324000,[],[],[],[]
CM_TAPM_00_HHE_100_2020010114000000.mseed_282000,[],[],[],[]
CM_URMC_00_HHE_100_2020010113595999.mseed_327000,[],[],[],[]
CM_URMC_00_HHE_100_2020010113595999.mseed_330000,[],[],[],[]
CM_URMC_00_HHE_100_2020010113595999.mseed_333000,[],[],[],[]
CM_TAPM_00_HHE_100_2020010114000000.mseed_285000,[],[],[],[]
CM_URMC_00_HHE_100_2020010113595999.mseed_336000,[989],[ 0.46963602],[1336],[ 0.78184044]
CM_TAPM_00_HHE_100_2020010114000000.mseed_288000,[1957],[ 0.75822616],[2397],[ 0.39686623]
CM_URMC_00_HHE_100_2020010113595999.mseed_339000,[],[],[],[]
CM_TAPM_00_HHE_100_2020010114000000.mseed_291000,[181],[ 0.39770535],[],[]
CM_URMC_00_HHE_100_2020010113595999.mseed_342000,[],[],[],[]
CM_URMC_00_HHE_100_2020010113595999.mseed_345000,[],[],[],[]
CM_URMC_00_HHE_100_2020010113595999.mseed_348000,[],[],[],[]
CM_URMC_00_HHE_100_2020010113595999.mseed_351000,[],[],[],[]
CM_URMC_00_HHE_100_2020010113595999.mseed_354000,[],[],[],[]
CM_URMC_00_HHE_100_2020010113595999.mseed_357000,[],[],[],[]
CM_URMC_00_HHE_100_2020010113595999.mseed_360000,[1428],[ 0.4897359],[1785],[ 0.49410492]
CM_TAPM_00_HHE_100_2020010114000000.mseed_294000,[],[],[],[]
CM_URMC_00_HHE_100_2020010113595999.mseed_363000,[],[],[],[]
CM_TAPM_00_HHE_100_2020010114000000.mseed_297000,[],[],[],[]
CM_URMC_00_HHE_100_2020010113595999.mseed_366000,[],[],[],[]
CM_URMC_00_HHE_100_2020010113595999.mseed_369000,[],[],[],[]
CM_URMC_00_HHE_100_2020010113595999.mseed_372000,[],[],[179],[ 0.49488416]
CM_URMC_00_HHE_100_2020010113595999.mseed_375000,[1683],[ 0.9409931],[2168],[ 0.8457375]
CM_TAPM_00_HHE_100_2020010114000000.mseed_300000,[2163],[ 0.7725504],[2662],[ 0.66005754]
CM_TAPM_00_HHE_100_2020010114000000.mseed_303000,[],[],[],[]
CM_URMC_00_HHE_100_2020010113595999.mseed_378000,[],[],[],[]
CM_TAPM_00_HHE_100_2020010114000000.mseed_306000,[],[],[],[]
CM_URMC_00_HHE_100_2020010113595999.mseed_381000,[],[],[],[]
CM_TAPM_00_HHE_100_2020010114000000.mseed_309000,[],[],[],[]
CM_URMC_00_HHE_100_2020010113595999.mseed_384000,[],[],[],[]
CM_URMC_00_HHE_100_2020010113595999.mseed_387000,[],[],[],[]
CM_URMC_00_HHE_100_2020010113595999.mseed_390000,[],[],[],[]
CM_URMC_00_HHE_100_2020010113595999.mseed_393000,[640],[ 0.6232598],[],[]
CM_URMC_00_HHE_100_2020010113595999.mseed_396000,[],[],[],[]
CM_URMC_00_HHE_100_2020010113595999.mseed_399000,[],[],[514],[ 0.8067333]
CM_TAPM_00_HHE_100_2020010114000000.mseed_312000,[],[],[],[]
CM_URMC_00_HHE_100_2020010113595999.mseed_402000,[],[],[],[]
CM_TAPM_00_HHE_100_2020010114000000.mseed_315000,[],[],[],[]
CM_URMC_00_HHE_100_2020010113595999.mseed_405000,[],[],[],[]
CM_URMC_00_HHE_100_2020010113595999.mseed_408000,[],[],[],[]
CM_URMC_00_HHE_100_2020010113595999.mseed_411000,[],[],[],[]
CM_URMC_00_HHE_100_2020010113595999.mseed_414000,[],[],[],[]
CM_URMC_00_HHE_100_2020010113595999.mseed_417000,[],[],[],[]
CM_URMC_00_HHE_100_2020010113595999.mseed_420000,[],[],[],[]
CM_URMC_00_HHE_100_2020010113595999.mseed_423000,[],[],[],[]
CM_URMC_00_HHE_100_2020010113595999.mseed_426000,[],[],[],[]
CM_URMC_00_HHE_100_2020010113595999.mseed_429000,[],[],[],[]
CM_TAPM_00_HHE_100_2020010114000000.mseed_318000,[111],[ 0.32652074],[645],[ 0.37052062]
CM_URMC_00_HHE_100_2020010113595999.mseed_432000,[1892],[ 0.63724273],[2256],[ 0.81900215]
CM_URMC_00_HHE_100_2020010113595999.mseed_435000,[],[],[],[]
CM_TAPM_00_HHE_100_2020010114000000.mseed_321000,[],[],[],[]
CM_URMC_00_HHE_100_2020010113595999.mseed_438000,[],[],[],[]
CM_URMC_00_HHE_100_2020010113595999.mseed_441000,[],[],[1020],[ 0.6864884]
CM_URMC_00_HHE_100_2020010113595999.mseed_444000,[],[],[],[]
CM_URMC_00_HHE_100_2020010113595999.mseed_447000,[],[],[],[]
CM_URMC_00_HHE_100_2020010113595999.mseed_450000,[],[],[],[]
CM_URMC_00_HHE_100_2020010113595999.mseed_453000,[],[],[],[]
CM_TAPM_00_HHE_100_2020010114000000.mseed_324000,[],[],[],[]
CM_URMC_00_HHE_100_2020010113595999.mseed_456000,[],[],[],[]
CM_URMC_00_HHE_100_2020010113595999.mseed_459000,[],[],[],[]
CM_TAPM_00_HHE_100_2020010114000000.mseed_327000,[],[],[],[]
CM_URMC_00_HHE_100_2020010113595999.mseed_462000,[],[],[],[]
CM_TAPM_00_HHE_100_2020010114000000.mseed_330000,[617],[ 0.95178246],[ 58 946],[ 0.47622818  0.7501127 ]
CM_URMC_00_HHE_100_2020010113595999.mseed_465000,[],[],[259],[ 0.36468259]
CM_TAPM_00_HHE_100_2020010114000000.mseed_333000,[],[],[],[]
CM_URMC_00_HHE_100_2020010113595999.mseed_468000,[],[],[],[]
CM_TAPM_00_HHE_100_2020010114000000.mseed_336000,[],[],[],[]
CM_URMC_00_HHE_100_2020010113595999.mseed_471000,[],[],[],[]
CM_TAPM_00_HHE_100_2020010114000000.mseed_339000,[2601],[ 0.645571],[],[]
CM_URMC_00_HHE_100_2020010113595999.mseed_474000,[],[],[],[]
CM_TAPM_00_HHE_100_2020010114000000.mseed_342000,[],[],[],[]
CM_URMC_00_HHE_100_2020010113595999.mseed_477000,[],[],[],[]
CM_TAPM_00_HHE_100_2020010114000000.mseed_345000,[],[],[],[]
CM_URMC_00_HHE_100_2020010113595999.mseed_480000,[],[],[],[]
CM_TAPM_00_HHE_100_2020010114000000.mseed_348000,[],[],[],[]
CM_URMC_00_HHE_100_2020010113595999.mseed_483000,[],[],[],[]
CM_TAPM_00_HHE_100_2020010114000000.mseed_351000,[],[],[],[]
CM_URMC_00_HHE_100_2020010113595999.mseed_486000,[],[],[1260],[ 0.5131524]
CM_TAPM_00_HHE_100_2020010114000000.mseed_354000,[],[],[],[]
CM_URMC_00_HHE_100_2020010113595999.mseed_489000,[],[],[],[]
CM_TAPM_00_HHE_100_2020010114000000.mseed_357000,[],[],[],[]
CM_URMC_00_HHE_100_2020010113595999.mseed_492000,[],[],[],[]
CM_URMC_00_HHE_100_2020010113595999.mseed_495000,[],[],[],[]
CM_URMC_00_HHE_100_2020010113595999.mseed_498000,[423],[ 0.5153167],[],[]
CM_URMC_00_HHE_100_2020010113595999.mseed_501000,[],[],[],[]
CM_URMC_00_HHE_100_2020010113595999.mseed_504000,[],[],[],[]
CM_URMC_00_HHE_100_2020010113595999.mseed_507000,[],[],[],[]
CM_URMC_00_HHE_100_2020010113595999.mseed_510000,[],[],[],[]
CM_TAPM_00_HHE_100_2020010114000000.mseed_360000,[],[],[529],[ 0.33545664]
CM_URMC_00_HHE_100_2020010113595999.mseed_513000,[],[],[],[]
CM_URMC_00_HHE_100_2020010113595999.mseed_516000,[],[],[],[]
CM_URMC_00_HHE_100_2020010113595999.mseed_519000,[],[],[],[]
CM_URMC_00_HHE_100_2020010113595999.mseed_522000,[],[],[],[]
CM_URMC_00_HHE_100_2020010113595999.mseed_525000,[],[],[],[]
CM_URMC_00_HHE_100_2020010113595999.mseed_528000,[],[],[],[]
CM_TAPM_00_HHE_100_2020010114000000.mseed_363000,[2887],[ 0.35565677],[],[]
CM_URMC_00_HHE_100_2020010113595999.mseed_531000,[],[],[],[]
CM_TAPM_00_HHE_100_2020010114000000.mseed_366000,[],[],[],[]
CM_URMC_00_HHE_100_2020010113595999.mseed_534000,[1544],[ 0.8252532],[1616],[ 0.8306436]
CM_URMC_00_HHE_100_2020010113595999.mseed_537000,[],[],[],[]
CM_URMC_00_HHE_100_2020010113595999.mseed_540000,[],[],[],[]
CM_URMC_00_HHE_100_2020010113595999.mseed_543000,[],[],[],[]
CM_URMC_00_HHE_100_2020010113595999.mseed_546000,[],[],[],[]
CM_TAPM_00_HHE_100_2020010114000000.mseed_369000,[],[],[],[]
CM_TAPM_00_HHE_100_2020010114000000.mseed_372000,[2058],[ 0.94520164],[2398],[ 0.8481473]
CM_URMC_00_HHE_100_2020010113595999.mseed_549000,[],[],[],[]
CM_URMC_00_HHE_100_2020010113595999.mseed_552000,[],[],[],[]
CM_TAPM_00_HHE_100_2020010114000000.mseed_375000,[],[],[],[]
CM_URMC_00_HHE_100_2020010113595999.mseed_555000,[],[],[886],[ 0.8357909]
CM_URMC_00_HHE_100_2020010113595999.mseed_558000,[2681],[ 0.31777427],[],[]
CM_TAPM_00_HHE_100_2020010114000000.mseed_378000,[ 322 2009],[ 0.8792346  0.7451654],[ 408 2220],[ 0.39478767  0.44058198]
CM_TAPM_00_HHE_100_2020010114000000.mseed_381000,[],[],[],[]
CM_URMC_00_HHE_100_2020010113595999.mseed_561000,[],[],[],[]
CM_TAPM_00_HHE_100_2020010114000000.mseed_384000,[1746],[ 0.7219831],[1980],[ 0.4798511]
CM_URMC_00_HHE_100_2020010113595999.mseed_564000,[],[],[],[]
CM_URMC_00_HHE_100_2020010113595999.mseed_567000,[],[],[],[]
CM_TAPM_00_HHE_100_2020010114000000.mseed_387000,[],[],[],[]
CM_URMC_00_HHE_100_2020010113595999.mseed_570000,[],[],[],[]
CM_TAPM_00_HHE_100_2020010114000000.mseed_390000,[],[],[],[]
CM_URMC_00_HHE_100_2020010113595999.mseed_573000,[],[],[],[]
CM_TAPM_00_HHE_100_2020010114000000.mseed_393000,[],[],[1769],[ 0.35870597]
CM_URMC_00_HHE_100_2020010113595999.mseed_576000,[],[],[],[]
CM_URMC_00_HHE_100_2020010113595999.mseed_579000,[],[],[],[]
CM_TAPM_00_HHE_100_2020010114000000.mseed_396000,[],[],[],[]
CM_URMC_00_HHE_100_2020010113595999.mseed_582000,[],[],[],[]
CM_TAPM_00_HHE_100_2020010114000000.mseed_399000,[],[],[],[]
CM_URMC_00_HHE_100_2020010113595999.mseed_585000,[],[],[],[]
CM_TAPM_00_HHE_100_2020010114000000.mseed_402000,[],[],[],[]
CM_URMC_00_HHE_100_2020010113595999.mseed_588000,[],[],[2696],[ 0.6797908]
CM_URMC_00_HHE_100_2020010113595999.mseed_591000,[],[],[],[]
CM_TAPM_00_HHE_100_2020010114000000.mseed_405000,[],[],[],[]
CM_URMC_00_HHE_100_2020010113595999.mseed_594000,[],[],[],[]
CM_URMC_00_HHE_100_2020010113595999.mseed_597000,[],[],[],[]
CM_TAPM_00_HHE_100_2020010114000000.mseed_408000,[1712],[ 0.53600717],[1953],[ 0.32455307]
CM_URMC_00_HHE_100_2020010113595999.mseed_600000,[],[],[297],[ 0.5060683]
CM_URMC_00_HHE_100_2020010113595999.mseed_603000,[],[],[],[]
CM_URMC_00_HHE_100_2020010113595999.mseed_606000,[],[],[],[]
CM_URMC_00_HHE_100_2020010113595999.mseed_609000,[],[],[849],[ 0.5003993]
CM_TAPM_00_HHE_100_2020010114000000.mseed_411000,[],[],[],[]
CM_URMC_00_HHE_100_2020010113595999.mseed_612000,[2173],[ 0.54992986],[2614],[ 0.5002866]
CM_URMC_00_HHE_100_2020010113595999.mseed_615000,[],[],[],[]
CM_URMC_00_HHE_100_2020010113595999.mseed_618000,[],[],[],[]
CM_URMC_00_HHE_100_2020010113595999.mseed_621000,[1852],[ 0.9816867],[2198],[ 0.887961]
CM_URMC_00_HHE_100_2020010113595999.mseed_624000,[],[],[],[]
CM_URMC_00_HHE_100_2020010113595999.mseed_627000,[],[],[],[]
CM_URMC_00_HHE_100_2020010113595999.mseed_630000,[2959],[ 0.3474204],[],[]
CM_TAPM_00_HHE_100_2020010114000000.mseed_414000,[],[],[],[]
CM_URMC_00_HHE_100_2020010113595999.mseed_633000,[],[],[],[]
CM_TAPM_00_HHE_100_2020010114000000.mseed_417000,[],[],[],[]
CM_TAPM_00_HHE_100_2020010114000000.mseed_420000,[],[],[],[]
CM_URMC_00_HHE_100_2020010113595999.mseed_636000,[],[],[],[]
CM_URMC_00_HHE_100_2020010113595999.mseed_639000,[],[],[],[]
CM_TAPM_00_HHE_100_2020010114000000.mseed_423000,[],[],[],[]
CM_URMC_00_HHE_100_2020010113595999.mseed_642000,[],[],[],[]
CM_TAPM_00_HHE_100_2020010114000000.mseed_426000,[],[],[],[]
CM_URMC_00_HHE_100_2020010113595999.mseed_645000,[2616],[ 0.9830941],[2961],[ 0.8292611]
CM_TAPM_00_HHE_100_2020010114000000.mseed_429000,[],[],[],[]
CM_URMC_00_HHE_100_2020010113595999.mseed_648000,[],[],[39],[ 0.34293568]
CM_TAPM_00_HHE_100_2020010114000000.mseed_432000,[],[],[],[]
CM_TAPM_00_HHE_100_2020010114000000.mseed_435000,[],[],[],[]
CM_URMC_00_HHE_100_2020010113595999.mseed_651000,[],[],[],[]
CM_TAPM_00_HHE_100_2020010114000000.mseed_438000,[],[],[404],[ 0.505635]
CM_URMC_00_HHE_100_2020010113595999.mseed_654000,[],[],[],[]
CM_TAPM_00_HHE_100_2020010114000000.mseed_441000,[],[],[],[]
CM_URMC_00_HHE_100_2020010113595999.mseed_657000,[],[],[],[]
CM_TAPM_00_HHE_100_2020010114000000.mseed_444000,[ 198 1689],[ 0.89358425  0.5974038 ],[404],[ 0.8056747]
CM_URMC_00_HHE_100_2020010113595999.mseed_660000,[],[],[],[]
CM_URMC_00_HHE_100_2020010113595999.mseed_663000,[],[],[],[]
CM_TAPM_00_HHE_100_2020010114000000.mseed_447000,[2516],[ 0.64777976],[],[]
CM_URMC_00_HHE_100_2020010113595999.mseed_666000,[],[],[],[]
CM_URMC_00_HHE_100_2020010113595999.mseed_669000,[],[],[],[]
CM_URMC_00_HHE_100_2020010113595999.mseed_672000,[],[],[],[]
CM_URMC_00_HHE_100_2020010113595999.mseed_675000,[],[],[],[]
CM_URMC_00_HHE_100_2020010113595999.mseed_678000,[],[],[],[]
CM_URMC_00_HHE_100_2020010113595999.mseed_681000,[],[],[],[]
CM_URMC_00_HHE_100_2020010113595999.mseed_684000,[],[],[],[]
CM_TAPM_00_HHE_100_2020010114000000.mseed_450000,[],[],[],[]
CM_URMC_00_HHE_100_2020010113595999.mseed_687000,[],[],[],[]
CM_TAPM_00_HHE_100_2020010114000000.mseed_453000,[],[],[],[]
CM_TAPM_00_HHE_100_2020010114000000.mseed_456000,[],[],[],[]
CM_URMC_00_HHE_100_2020010113595999.mseed_690000,[],[],[],[]
CM_URMC_00_HHE_100_2020010113595999.mseed_693000,[],[],[],[]
CM_TAPM_00_HHE_100_2020010114000000.mseed_459000,[1264],[ 0.86033314],[],[]
CM_URMC_00_HHE_100_2020010113595999.mseed_696000,[],[],[],[]
CM_URMC_00_HHE_100_2020010113595999.mseed_699000,[],[],[],[]
CM_URMC_00_HHE_100_2020010113595999.mseed_702000,[],[],[],[]
CM_TAPM_00_HHE_100_2020010114000000.mseed_462000,[],[],[2165],[ 0.6185864]
CM_TAPM_00_HHE_100_2020010114000000.mseed_465000,[],[],[],[]
CM_URMC_00_HHE_100_2020010113595999.mseed_705000,[2797],[ 0.3895999],[],[]
CM_URMC_00_HHE_100_2020010113595999.mseed_708000,[],[],[],[]
CM_URMC_00_HHE_100_2020010113595999.mseed_711000,[],[],[],[]
CM_URMC_00_HHE_100_2020010113595999.mseed_714000,[],[],[],[]
CM_URMC_00_HHE_100_2020010113595999.mseed_717000,[],[],[],[]
CM_URMC_00_HHE_100_2020010113595999.mseed_720000,[],[],[],[]
CM_URMC_00_HHE_100_2020010113595999.mseed_723000,[],[],[],[]
CM_URMC_00_HHE_100_2020010113595999.mseed_726000,[],[],[],[]
CM_TAPM_00_HHE_100_2020010114000000.mseed_468000,[],[],[],[]
CM_URMC_00_HHE_100_2020010113595999.mseed_729000,[],[],[],[]
CM_TAPM_00_HHE_100_2020010114000000.mseed_471000,[557],[ 0.5428118],[185 750],[ 0.58913916  0.7568519 ]
CM_TAPM_00_HHE_100_2020010114000000.mseed_474000,[1461 2945],[ 0.6579992   0.42498988],[],[]
CM_URMC_00_HHE_100_2020010113595999.mseed_732000,[],[],[],[]
CM_URMC_00_HHE_100_2020010113595999.mseed_735000,[],[],[],[]
CM_TAPM_00_HHE_100_2020010114000000.mseed_477000,[1463],[ 0.69144255],[1745],[ 0.5111543]
CM_URMC_00_HHE_100_2020010113595999.mseed_738000,[],[],[],[]
CM_URMC_00_HHE_100_2020010113595999.mseed_741000,[1441 2468],[ 0.6571272  0.5974114],[1777 2819],[ 0.73074025  0.52947074]
CM_TAPM_00_HHE_100_2020010114000000.mseed_480000,[],[],[],[]
CM_URMC_00_HHE_100_2020010113595999.mseed_744000,[],[],[],[]
CM_TAPM_00_HHE_100_2020010114000000.mseed_483000,[],[],[],[]
CM_URMC_00_HHE_100_2020010113595999.mseed_747000,[],[],[],[]
CM_URMC_00_HHE_100_2020010113595999.mseed_750000,[],[],[],[]
CM_URMC_00_HHE_100_2020010113595999.mseed_753000,[],[],[1299],[ 0.40696576]
CM_URMC_00_HHE_100_2020010113595999.mseed_756000,[],[],[],[]
CM_URMC_00_HHE_100_2020010113595999.mseed_759000,[],[],[],[]
CM_URMC_00_HHE_100_2020010113595999.mseed_762000,[],[],[],[]
CM_URMC_00_HHE_100_2020010113595999.mseed_765000,[],[],[],[]
CM_URMC_00_HHE_100_2020010113595999.mseed_768000,[],[],[],[]
CM_URMC_00_HHE_100_2020010113595999.mseed_771000,[],[],[],[]
CM_TAPM_00_HHE_100_2020010114000000.mseed_486000,[],[],[],[]
CM_URMC_00_HHE_100_2020010113595999.mseed_774000,[],[],[],[]
CM_URMC_00_HHE_100_2020010113595999.mseed_777000,[],[],[],[]
CM_URMC_00_HHE_100_2020010113595999.mseed_780000,[],[],[],[]
CM_TAPM_00_HHE_100_2020010114000000.mseed_489000,[],[],[],[]
CM_TAPM_00_HHE_100_2020010114000000.mseed_492000,[],[],[],[]
CM_URMC_00_HHE_100_2020010113595999.mseed_783000,[],[],[],[]
CM_TAPM_00_HHE_100_2020010114000000.mseed_495000,[],[],[],[]
CM_URMC_00_HHE_100_2020010113595999.mseed_786000,[],[],[],[]
CM_TAPM_00_HHE_100_2020010114000000.mseed_498000,[],[],[],[]
CM_URMC_00_HHE_100_2020010113595999.mseed_789000,[],[],[],[]
CM_TAPM_00_HHE_100_2020010114000000.mseed_501000,[],[],[],[]
CM_URMC_00_HHE_100_2020010113595999.mseed_792000,[],[],[],[]
CM_TAPM_00_HHE_100_2020010114000000.mseed_504000,[],[],[],[]
CM_URMC_00_HHE_100_2020010113595999.mseed_795000,[],[],[],[]
CM_TAPM_00_HHE_100_2020010114000000.mseed_507000,[],[],[],[]
CM_URMC_00_HHE_100_2020010113595999.mseed_798000,[],[],[],[]
CM_URMC_00_HHE_100_2020010113595999.mseed_801000,[],[],[],[]
CM_URMC_00_HHE_100_2020010113595999.mseed_804000,[],[],[],[]
CM_URMC_00_HHE_100_2020010113595999.mseed_807000,[2277],[ 0.95073956],[2641],[ 0.58091307]
CM_URMC_00_HHE_100_2020010113595999.mseed_810000,[],[],[],[]
CM_TAPM_00_HHE_100_2020010114000000.mseed_510000,[],[],[],[]
CM_URMC_00_HHE_100_2020010113595999.mseed_813000,[81],[ 0.5607662],[376],[ 0.5794151]
CM_TAPM_00_HHE_100_2020010114000000.mseed_513000,[],[],[],[]
CM_URMC_00_HHE_100_2020010113595999.mseed_816000,[],[],[],[]
CM_TAPM_00_HHE_100_2020010114000000.mseed_516000,[ 324 2913],[ 0.5543846   0.40792894],[2555 2991],[ 0.33279935  0.43194076]
CM_URMC_00_HHE_100_2020010113595999.mseed_819000,[],[],[],[]
CM_URMC_00_HHE_100_2020010113595999.mseed_822000,[1708],[ 0.9179938],[2074],[ 0.75737405]
CM_TAPM_00_HHE_100_2020010114000000.mseed_519000,[],[],[],[]
CM_URMC_00_HHE_100_2020010113595999.mseed_825000,[1481],[ 0.5207193],[1828],[ 0.6293511]
CM_TAPM_00_HHE_100_2020010114000000.mseed_522000,[],[],[],[]
CM_URMC_00_HHE_100_2020010113595999.mseed_828000,[],[],[],[]
CM_URMC_00_HHE_100_2020010113595999.mseed_831000,[],[],[],[]
CM_TAPM_00_HHE_100_2020010114000000.mseed_525000,[],[],[],[]
CM_URMC_00_HHE_100_2020010113595999.mseed_834000,[],[],[],[]
CM_TAPM_00_HHE_100_2020010114000000.mseed_528000,[],[],[],[]
CM_URMC_00_HHE_100_2020010113595999.mseed_837000,[],[],[],[]
CM_URMC_00_HHE_100_2020010113595999.mseed_840000,[],[],[],[]
CM_TAPM_00_HHE_100_2020010114000000.mseed_531000,[757],[ 0.7340869],[993],[ 0.6848582]
CM_URMC_00_HHE_100_2020010113595999.mseed_843000,[],[],[],[]
CM_TAPM_00_HHE_100_2020010114000000.mseed_534000,[],[],[],[]
CM_URMC_00_HHE_100_2020010113595999.mseed_846000,[],[],[],[]
CM_URMC_00_HHE_100_2020010113595999.mseed_849000,[926],[ 0.92807305],[1282],[ 0.78353876]
CM_TAPM_00_HHE_100_2020010114000000.mseed_537000,[2788],[ 0.7473409],[],[]
CM_URMC_00_HHE_100_2020010113595999.mseed_852000,[],[],[],[]
CM_TAPM_00_HHE_100_2020010114000000.mseed_540000,[],[],[],[]
CM_URMC_00_HHE_100_2020010113595999.mseed_855000,[],[],[],[]
CM_TAPM_00_HHE_100_2020010114000000.mseed_543000,[2901],[ 0.44663078],[],[]
CM_URMC_00_HHE_100_2020010113595999.mseed_858000,[],[],[],[]
CM_TAPM_00_HHE_100_2020010114000000.mseed_546000,[],[],[],[]
CM_URMC_00_HHE_100_2020010113595999.mseed_861000,[1547],[ 0.9694195],[1917],[ 0.50849247]
CM_TAPM_00_HHE_100_2020010114000000.mseed_549000,[],[],[],[]
CM_URMC_00_HHE_100_2020010113595999.mseed_864000,[],[],[],[]
CM_URMC_00_HHE_100_2020010113595999.mseed_867000,[],[],[],[]
CM_URMC_00_HHE_100_2020010113595999.mseed_870000,[],[],[],[]
CM_URMC_00_HHE_100_2020010113595999.mseed_873000,[],[],[],[]
CM_URMC_00_HHE_100_2020010113595999.mseed_876000,[1554],[ 0.9566505],[1908],[ 0.792076]
CM_URMC_00_HHE_100_2020010113595999.mseed_879000,[],[],[],[]
CM_URMC_00_HHE_100_2020010113595999.mseed_882000,[],[],[1161],[ 0.39157823]
CM_TAPM_00_HHE_100_2020010114000000.mseed_552000,[],[],[],[]
CM_TAPM_00_HHE_100_2020010114000000.mseed_555000,[],[],[],[]
CM_URMC_00_HHE_100_2020010113595999.mseed_885000,[],[],[],[]
CM_TAPM_00_HHE_100_2020010114000000.mseed_558000,[1999],[ 0.4935577],[],[]
CM_URMC_00_HHE_100_2020010113595999.mseed_888000,[],[],[],[]
CM_URMC_00_HHE_100_2020010113595999.mseed_891000,[1535],[ 0.885453],[1885],[ 0.69474924]
CM_URMC_00_HHE_100_2020010113595999.mseed_894000,[],[],[],[]
CM_URMC_00_HHE_100_2020010113595999.mseed_897000,[],[],[],[]
CM_URMC_00_HHE_100_2020010113595999.mseed_900000,[],[],[],[]
CM_TAPM_00_HHE_100_2020010114000000.mseed_561000,[575],[ 0.65970653],[987],[ 0.41138032]
CM_TAPM_00_HHE_100_2020010114000000.mseed_564000,[],[],[],[]
CM_URMC_00_HHE_100_2020010113595999.mseed_903000,[],[],[],[]
CM_TAPM_00_HHE_100_2020010114000000.mseed_567000,[],[],[],[]
CM_TAPM_00_HHE_100_2020010114000000.mseed_570000,[1824],[ 0.35649163],[2055],[ 0.3168094]
CM_URMC_00_HHE_100_2020010113595999.mseed_906000,[],[],[1556],[ 0.4590641]
CM_URMC_00_HHE_100_2020010113595999.mseed_909000,[],[],[],[]
CM_URMC_00_HHE_100_2020010113595999.mseed_912000,[],[],[],[]
CM_URMC_00_HHE_100_2020010113595999.mseed_915000,[],[],[],[]
CM_URMC_00_HHE_100_2020010113595999.mseed_918000,[],[],[],[]
CM_URMC_00_HHE_100_2020010113595999.mseed_921000,[],[],[],[]
CM_TAPM_00_HHE_100_2020010114000000.mseed_573000,[],[],[],[]
CM_TAPM_00_HHE_100_2020010114000000.mseed_576000,[2917],[ 0.41746506],[],[]
CM_URMC_00_HHE_100_2020010113595999.mseed_924000,[],[],[],[]
CM_URMC_00_HHE_100_2020010113595999.mseed_927000,[],[],[],[]
CM_URMC_00_HHE_100_2020010113595999.mseed_930000,[],[],[],[]
CM_TAPM_00_HHE_100_2020010114000000.mseed_579000,[],[],[],[]
CM_URMC_00_HHE_100_2020010113595999.mseed_933000,[206],[ 0.9243741],[554],[ 0.8840843]
CM_URMC_00_HHE_100_2020010113595999.mseed_936000,[],[],[],[]
CM_TAPM_00_HHE_100_2020010114000000.mseed_582000,[],[],[],[]
CM_URMC_00_HHE_100_2020010113595999.mseed_939000,[2262],[ 0.9605707],[2625],[ 0.82149374]
CM_TAPM_00_HHE_100_2020010114000000.mseed_585000,[],[],[],[]
CM_URMC_00_HHE_100_2020010113595999.mseed_942000,[],[],[],[]
CM_TAPM_00_HHE_100_2020010114000000.mseed_588000,[],[],[],[]
CM_URMC_00_HHE_100_2020010113595999.mseed_945000,[],[],[],[]
CM_URMC_00_HHE_100_2020010113595999.mseed_948000,[],[],[],[]
CM_URMC_00_HHE_100_2020010113595999.mseed_951000,[],[],[],[]
CM_URMC_00_HHE_100_2020010113595999.mseed_954000,[],[],[],[]
CM_URMC_00_HHE_100_2020010113595999.mseed_957000,[],[],[],[]
CM_URMC_00_HHE_100_2020010113595999.mseed_960000,[],[],[],[]
CM_URMC_00_HHE_100_2020010113595999.mseed_963000,[],[],[],[]
CM_TAPM_00_HHE_100_2020010114000000.mseed_591000,[],[],[],[]
CM_TAPM_00_HHE_100_2020010114000000.mseed_594000,[],[],[],[]
CM_URMC_00_HHE_100_2020010113595999.mseed_966000,[],[],[],[]
CM_URMC_00_HHE_100_2020010113595999.mseed_969000,[1819],[ 0.9618835],[2172],[ 0.8861347]
CM_URMC_00_HHE_100_2020010113595999.mseed_972000,[],[],[],[]
CM_URMC_00_HHE_100_2020010113595999.mseed_975000,[],[],[],[]
CM_URMC_00_HHE_100_2020010113595999.mseed_978000,[],[],[],[]
CM_URMC_00_HHE_100_2020010113595999.mseed_981000,[],[],[],[]
CM_TAPM_00_HHE_100_2020010114000000.mseed_597000,[],[],[],[]
CM_TAPM_00_HHE_100_2020010114000000.mseed_600000,[697],[ 0.30215505],[704],[ 0.50995404]
CM_URMC_00_HHE_100_2020010113595999.mseed_984000,[2192],[ 0.9462821],[2567],[ 0.7253308]
CM_TAPM_00_HHE_100_2020010114000000.mseed_603000,[],[],[],[]
CM_URMC_00_HHE_100_2020010113595999.mseed_987000,[],[],[],[]
CM_TAPM_00_HHE_100_2020010114000000.mseed_606000,[],[],[],[]
CM_URMC_00_HHE_100_2020010113595999.mseed_990000,[],[],[],[]
CM_URMC_00_HHE_100_2020010113595999.mseed_993000,[],[],[],[]
CM_TAPM_00_HHE_100_2020010114000000.mseed_609000,[],[],[],[]
CM_URMC_00_HHE_100_2020010113595999.mseed_996000,[],[],[],[]
CM_TAPM_00_HHE_100_2020010114000000.mseed_612000,[2852],[ 0.37542048],[],[]
CM_URMC_00_HHE_100_2020010113595999.mseed_999000,[],[],[],[]
CM_URMC_00_HHE_100_2020010113595999.mseed_1002000,[],[],[],[]
CM_TAPM_00_HHE_100_2020010114000000.mseed_615000,[2419],[ 0.6205009],[],[]
CM_URMC_00_HHE_100_2020010113595999.mseed_1005000,[],[],[],[]
CM_TAPM_00_HHE_100_2020010114000000.mseed_618000,[],[],[],[]
CM_URMC_00_HHE_100_2020010113595999.mseed_1008000,[],[],[],[]
CM_URMC_00_HHE_100_2020010113595999.mseed_1011000,[],[],[1471],[ 0.4817784]
CM_TAPM_00_HHE_100_2020010114000000.mseed_621000,[576],[ 0.42417234],[],[]
CM_URMC_00_HHE_100_2020010113595999.mseed_1014000,[],[],[],[]
CM_TAPM_00_HHE_100_2020010114000000.mseed_624000,[1153],[ 0.7578313],[],[]
CM_URMC_00_HHE_100_2020010113595999.mseed_1017000,[],[],[],[]
CM_URMC_00_HHE_100_2020010113595999.mseed_1020000,[],[],[],[]
CM_TAPM_00_HHE_100_2020010114000000.mseed_627000,[140],[ 0.34810966],[145 381],[ 0.43574423  0.5443641 ]
CM_URMC_00_HHE_100_2020010113595999.mseed_1023000,[],[],[],[]
CM_URMC_00_HHE_100_2020010113595999.mseed_1026000,[],[],[],[]
CM_URMC_00_HHE_100_2020010113595999.mseed_1029000,[],[],[2517],[ 0.67668444]
CM_TAPM_00_HHE_100_2020010114000000.mseed_630000,[],[],[],[]
CM_URMC_00_HHE_100_2020010113595999.mseed_1032000,[],[],[],[]
CM_TAPM_00_HHE_100_2020010114000000.mseed_633000,[],[],[],[]
CM_URMC_00_HHE_100_2020010113595999.mseed_1035000,[],[],[],[]
CM_URMC_00_HHE_100_2020010113595999.mseed_1038000,[],[],[],[]
CM_TAPM_00_HHE_100_2020010114000000.mseed_636000,[],[],[],[]
CM_URMC_00_HHE_100_2020010113595999.mseed_1041000,[],[],[],[]
CM_TAPM_00_HHE_100_2020010114000000.mseed_639000,[],[],[],[]
CM_URMC_00_HHE_100_2020010113595999.mseed_1044000,[],[],[],[]
CM_TAPM_00_HHE_100_2020010114000000.mseed_642000,[],[],[],[]
CM_URMC_00_HHE_100_2020010113595999.mseed_1047000,[],[],[],[]
CM_URMC_00_HHE_100_2020010113595999.mseed_1050000,[],[],[],[]
CM_URMC_00_HHE_100_2020010113595999.mseed_1053000,[],[],[],[]
CM_URMC_00_HHE_100_2020010113595999.mseed_1056000,[],[],[2835],[ 0.7803445]
CM_URMC_00_HHE_100_2020010113595999.mseed_1059000,[],[],[],[]
CM_URMC_00_HHE_100_2020010113595999.mseed_1062000,[],[],[],[]
CM_TAPM_00_HHE_100_2020010114000000.mseed_645000,[],[],[],[]
CM_URMC_00_HHE_100_2020010113595999.mseed_1065000,[],[],[],[]
CM_URMC_00_HHE_100_2020010113595999.mseed_1068000,[],[],[],[]
CM_URMC_00_HHE_100_2020010113595999.mseed_1071000,[],[],[],[]
CM_TAPM_00_HHE_100_2020010114000000.mseed_648000,[1896],[ 0.75082237],[],[]
CM_URMC_00_HHE_100_2020010113595999.mseed_1074000,[],[],[],[]
CM_URMC_00_HHE_100_2020010113595999.mseed_1077000,[],[],[],[]
CM_URMC_00_HHE_100_2020010113595999.mseed_1080000,[],[],[],[]
CM_URMC_00_HHE_100_2020010113595999.mseed_1083000,[],[],[285],[ 0.50426537]
CM_URMC_00_HHE_100_2020010113595999.mseed_1086000,[],[],[],[]
CM_URMC_00_HHE_100_2020010113595999.mseed_1089000,[],[],[],[]
CM_TAPM_00_HHE_100_2020010114000000.mseed_651000,[],[],[913],[ 0.6429329]
CM_URMC_00_HHE_100_2020010113595999.mseed_1092000,[],[],[],[]
CM_URMC_00_HHE_100_2020010113595999.mseed_1095000,[],[],[],[]
CM_URMC_00_HHE_100_2020010113595999.mseed_1098000,[181],[ 0.9313573],[668],[ 0.84837556]
CM_URMC_00_HHE_100_2020010113595999.mseed_1101000,[],[],[],[]
CM_URMC_00_HHE_100_2020010113595999.mseed_1104000,[],[],[],[]
CM_URMC_00_HHE_100_2020010113595999.mseed_1107000,[],[],[],[]
CM_TAPM_00_HHE_100_2020010114000000.mseed_654000,[],[],[],[]
CM_URMC_00_HHE_100_2020010113595999.mseed_1110000,[],[],[],[]
CM_TAPM_00_HHE_100_2020010114000000.mseed_657000,[],[],[],[]
CM_URMC_00_HHE_100_2020010113595999.mseed_1113000,[2141 2956],[ 0.48293832  0.35891458],[],[]
CM_URMC_00_HHE_100_2020010113595999.mseed_1116000,[],[],[],[]
CM_URMC_00_HHE_100_2020010113595999.mseed_1119000,[],[],[2015],[ 0.6946437]
CM_TAPM_00_HHE_100_2020010114000000.mseed_660000,[],[],[],[]
CM_URMC_00_HHE_100_2020010113595999.mseed_1122000,[],[],[132],[ 0.5412824]
CM_TAPM_00_HHE_100_2020010114000000.mseed_663000,[],[],[],[]
CM_URMC_00_HHE_100_2020010113595999.mseed_1125000,[],[],[],[]
CM_TAPM_00_HHE_100_2020010114000000.mseed_666000,[],[],[],[]
CM_URMC_00_HHE_100_2020010113595999.mseed_1128000,[],[],[],[]
CM_URMC_00_HHE_100_2020010113595999.mseed_1131000,[],[],[],[]
CM_TAPM_00_HHE_100_2020010114000000.mseed_669000,[],[],[],[]
CM_URMC_00_HHE_100_2020010113595999.mseed_1134000,[],[],[],[]
CM_URMC_00_HHE_100_2020010113595999.mseed_1137000,[281],[ 0.30741203],[395],[ 0.6055747]
CM_URMC_00_HHE_100_2020010113595999.mseed_1140000,[],[],[],[]
CM_URMC_00_HHE_100_2020010113595999.mseed_1143000,[],[],[],[]
CM_URMC_00_HHE_100_2020010113595999.mseed_1146000,[],[],[],[]
CM_URMC_00_HHE_100_2020010113595999.mseed_1149000,[],[],[],[]
CM_URMC_00_HHE_100_2020010113595999.mseed_1152000,[1733],[ 0.41529033],[],[]
CM_URMC_00_HHE_100_2020010113595999.mseed_1155000,[392],[ 0.5689653],[756],[ 0.8040685]
CM_URMC_00_HHE_100_2020010113595999.mseed_1158000,[],[],[],[]
CM_TAPM_00_HHE_100_2020010114000000.mseed_672000,[],[],[],[]
CM_URMC_00_HHE_100_2020010113595999.mseed_1161000,[],[],[],[]
CM_URMC_00_HHE_100_2020010113595999.mseed_1164000,[],[],[],[]
CM_URMC_00_HHE_100_2020010113595999.mseed_1167000,[],[],[],[]
CM_URMC_00_HHE_100_2020010113595999.mseed_1170000,[],[],[],[]
CM_URMC_00_HHE_100_2020010113595999.mseed_1173000,[],[],[],[]
CM_URMC_00_HHE_100_2020010113595999.mseed_1176000,[],[],[647],[ 0.3039866]
CM_TAPM_00_HHE_100_2020010114000000.mseed_675000,[],[],[],[]
CM_URMC_00_HHE_100_2020010113595999.mseed_1179000,[],[],[],[]
CM_TAPM_00_HHE_100_2020010114000000.mseed_678000,[],[],[],[]
CM_URMC_00_HHE_100_2020010113595999.mseed_1182000,[],[],[],[]
CM_URMC_00_HHE_100_2020010113595999.mseed_1185000,[],[],[1755],[ 0.38123468]
CM_URMC_00_HHE_100_2020010113595999.mseed_1188000,[],[],[],[]
CM_URMC_00_HHE_100_2020010113595999.mseed_1191000,[],[],[],[]
CM_URMC_00_HHE_100_2020010113595999.mseed_1194000,[],[],[],[]
CM_TAPM_00_HHE_100_2020010114000000.mseed_681000,[],[],[],[]
CM_URMC_00_HHE_100_2020010113595999.mseed_1197000,[],[],[],[]
CM_URMC_00_HHE_100_2020010113595999.mseed_1200000,[],[],[],[]
CM_TAPM_00_HHE_100_2020010114000000.mseed_684000,[],[],[],[]
CM_URMC_00_HHE_100_2020010113595999.mseed_1203000,[],[],[],[]
CM_TAPM_00_HHE_100_2020010114000000.mseed_687000,[],[],[],[]
CM_URMC_00_HHE_100_2020010113595999.mseed_1206000,[],[],[2761],[ 0.45885736]
CM_TAPM_00_HHE_100_2020010114000000.mseed_690000,[2437],[ 0.3834436],[],[]
CM_URMC_00_HHE_100_2020010113595999.mseed_1209000,[],[],[],[]
CM_TAPM_00_HHE_100_2020010114000000.mseed_693000,[],[],[],[]
CM_URMC_00_HHE_100_2020010113595999.mseed_1212000,[],[],[],[]
CM_TAPM_00_HHE_100_2020010114000000.mseed_696000,[],[],[],[]
CM_URMC_00_HHE_100_2020010113595999.mseed_1215000,[],[],[],[]
CM_TAPM_00_HHE_100_2020010114000000.mseed_699000,[],[],[],[]
CM_URMC_00_HHE_100_2020010113595999.mseed_1218000,[],[],[],[]
CM_TAPM_00_HHE_100_2020010114000000.mseed_702000,[],[],[],[]
CM_URMC_00_HHE_100_2020010113595999.mseed_1221000,[],[],[],[]
CM_TAPM_00_HHE_100_2020010114000000.mseed_705000,[1576],[ 0.32643917],[2633],[ 0.38490257]
CM_URMC_00_HHE_100_2020010113595999.mseed_1224000,[],[],[],[]
CM_TAPM_00_HHE_100_2020010114000000.mseed_708000,[],[],[],[]
CM_URMC_00_HHE_100_2020010113595999.mseed_1227000,[],[],[],[]
CM_URMC_00_HHE_100_2020010113595999.mseed_1230000,[],[],[],[]
CM_TAPM_00_HHE_100_2020010114000000.mseed_711000,[],[],[],[]
CM_URMC_00_HHE_100_2020010113595999.mseed_1233000,[],[],[],[]
CM_TAPM_00_HHE_100_2020010114000000.mseed_714000,[],[],[89],[ 0.36234573]
CM_URMC_00_HHE_100_2020010113595999.mseed_1236000,[],[],[],[]
CM_URMC_00_HHE_100_2020010113595999.mseed_1239000,[],[],[],[]
CM_URMC_00_HHE_100_2020010113595999.mseed_1242000,[],[],[],[]
CM_URMC_00_HHE_100_2020010113595999.mseed_1245000,[],[],[],[]
CM_URMC_00_HHE_100_2020010113595999.mseed_1248000,[],[],[],[]
CM_URMC_00_HHE_100_2020010113595999.mseed_1251000,[],[],[],[]
CM_URMC_00_HHE_100_2020010113595999.mseed_1254000,[],[],[],[]
CM_URMC_00_HHE_100_2020010113595999.mseed_1257000,[43],[ 0.719943],[117],[ 0.68639815]
CM_URMC_00_HHE_100_2020010113595999.mseed_1260000,[],[],[],[]
CM_URMC_00_HHE_100_2020010113595999.mseed_1263000,[],[],[],[]
CM_TAPM_00_HHE_100_2020010114000000.mseed_717000,[],[],[1083],[ 0.56829894]
CM_URMC_00_HHE_100_2020010113595999.mseed_1266000,[],[],[],[]
CM_TAPM_00_HHE_100_2020010114000000.mseed_720000,[1495],[ 0.6384395],[],[]
CM_URMC_00_HHE_100_2020010113595999.mseed_1269000,[],[],[],[]
CM_TAPM_00_HHE_100_2020010114000000.mseed_723000,[],[],[],[]
CM_URMC_00_HHE_100_2020010113595999.mseed_1272000,[],[],[],[]
CM_URMC_00_HHE_100_2020010113595999.mseed_1275000,[1995],[ 0.3430891],[2384],[ 0.8257401]
CM_TAPM_00_HHE_100_2020010114000000.mseed_726000,[],[],[],[]
CM_URMC_00_HHE_100_2020010113595999.mseed_1278000,[],[],[],[]
CM_TAPM_00_HHE_100_2020010114000000.mseed_729000,[],[],[],[]
CM_URMC_00_HHE_100_2020010113595999.mseed_1281000,[],[],[],[]
CM_TAPM_00_HHE_100_2020010114000000.mseed_732000,[],[],[],[]
CM_URMC_00_HHE_100_2020010113595999.mseed_1284000,[],[],[],[]
CM_URMC_00_HHE_100_2020010113595999.mseed_1287000,[],[],[],[]
CM_TAPM_00_HHE_100_2020010114000000.mseed_735000,[2437],[ 0.66157925],[],[]
CM_URMC_00_HHE_100_2020010113595999.mseed_1290000,[],[],[],[]
CM_TAPM_00_HHE_100_2020010114000000.mseed_738000,[],[],[1273],[ 0.39901382]
CM_URMC_00_HHE_100_2020010113595999.mseed_1293000,[],[],[],[]
CM_TAPM_00_HHE_100_2020010114000000.mseed_741000,[],[],[],[]
CM_URMC_00_HHE_100_2020010113595999.mseed_1296000,[],[],[],[]
CM_TAPM_00_HHE_100_2020010114000000.mseed_744000,[],[],[],[]
CM_URMC_00_HHE_100_2020010113595999.mseed_1299000,[],[],[],[]
CM_TAPM_00_HHE_100_2020010114000000.mseed_747000,[],[],[],[]
CM_URMC_00_HHE_100_2020010113595999.mseed_1302000,[],[],[],[]
CM_URMC_00_HHE_100_2020010113595999.mseed_1305000,[],[],[],[]
CM_TAPM_00_HHE_100_2020010114000000.mseed_750000,[],[],[],[]
CM_URMC_00_HHE_100_2020010113595999.mseed_1308000,[],[],[],[]
CM_TAPM_00_HHE_100_2020010114000000.mseed_753000,[],[],[],[]
CM_URMC_00_HHE_100_2020010113595999.mseed_1311000,[],[],[1196],[ 0.5594074]
CM_URMC_00_HHE_100_2020010113595999.mseed_1314000,[],[],[],[]
CM_TAPM_00_HHE_100_2020010114000000.mseed_756000,[],[],[],[]
CM_TAPM_00_HHE_100_2020010114000000.mseed_759000,[],[],[],[]
CM_URMC_00_HHE_100_2020010113595999.mseed_1317000,[],[],[],[]
CM_TAPM_00_HHE_100_2020010114000000.mseed_762000,[2848],[ 0.79276687],[],[]
CM_URMC_00_HHE_100_2020010113595999.mseed_1320000,[],[],[],[]
CM_TAPM_00_HHE_100_2020010114000000.mseed_765000,[],[],[  46 1463],[ 0.8660509   0.37137765]
CM_URMC_00_HHE_100_2020010113595999.mseed_1323000,[],[],[],[]
CM_TAPM_00_HHE_100_2020010114000000.mseed_768000,[],[],[],[]
CM_URMC_00_HHE_100_2020010113595999.mseed_1326000,[],[],[],[]
CM_TAPM_00_HHE_100_2020010114000000.mseed_771000,[],[],[],[]
CM_URMC_00_HHE_100_2020010113595999.mseed_1329000,[],[],[2355],[ 0.3590843]
CM_URMC_00_HHE_100_2020010113595999.mseed_1332000,[],[],[],[]
CM_TAPM_00_HHE_100_2020010114000000.mseed_774000,[],[],[185],[ 0.35607558]
CM_URMC_00_HHE_100_2020010113595999.mseed_1335000,[672],[ 0.42620257],[1113],[ 0.67775035]
CM_TAPM_00_HHE_100_2020010114000000.mseed_777000,[],[],[],[]
CM_URMC_00_HHE_100_2020010113595999.mseed_1338000,[],[],[],[]
CM_TAPM_00_HHE_100_2020010114000000.mseed_780000,[2209],[ 0.44644207],[2451],[ 0.7841713]
CM_URMC_00_HHE_100_2020010113595999.mseed_1341000,[],[],[],[]
CM_URMC_00_HHE_100_2020010113595999.mseed_1344000,[352],[ 0.98139167],[698],[ 0.8876195]
CM_URMC_00_HHE_100_2020010113595999.mseed_1347000,[],[],[],[]
CM_TAPM_00_HHE_100_2020010114000000.mseed_783000,[],[],[],[]
CM_URMC_00_HHE_100_2020010113595999.mseed_1350000,[],[],[],[]
CM_TAPM_00_HHE_100_2020010114000000.mseed_786000,[],[],[],[]
CM_URMC_00_HHE_100_2020010113595999.mseed_1353000,[],[],[],[]
CM_TAPM_00_HHE_100_2020010114000000.mseed_789000,[],[],[477],[ 0.33788294]
CM_URMC_00_HHE_100_2020010113595999.mseed_1356000,[],[],[],[]
CM_URMC_00_HHE_100_2020010113595999.mseed_1359000,[],[],[],[]
CM_URMC_00_HHE_100_2020010113595999.mseed_1362000,[2885],[ 0.6617632],[],[]
CM_URMC_00_HHE_100_2020010113595999.mseed_1365000,[1685],[ 0.30428633],[],[]
CM_URMC_00_HHE_100_2020010113595999.mseed_1368000,[1116],[ 0.98281866],[1461],[ 0.8445649]
CM_TAPM_00_HHE_100_2020010114000000.mseed_792000,[1629],[ 0.3328992],[],[]
CM_URMC_00_HHE_100_2020010113595999.mseed_1371000,[],[],[],[]
CM_URMC_00_HHE_100_2020010113595999.mseed_1374000,[],[],[],[]
CM_URMC_00_HHE_100_2020010113595999.mseed_1377000,[],[],[],[]
CM_URMC_00_HHE_100_2020010113595999.mseed_1380000,[2880],[ 0.787346],[],[]
CM_URMC_00_HHE_100_2020010113595999.mseed_1383000,[],[],[],[]
CM_URMC_00_HHE_100_2020010113595999.mseed_1386000,[],[],[],[]
CM_URMC_00_HHE_100_2020010113595999.mseed_1389000,[],[],[],[]
CM_TAPM_00_HHE_100_2020010114000000.mseed_795000,[],[],[],[]
CM_URMC_00_HHE_100_2020010113595999.mseed_1392000,[],[],[],[]
CM_TAPM_00_HHE_100_2020010114000000.mseed_798000,[],[],[],[]
CM_URMC_00_HHE_100_2020010113595999.mseed_1395000,[],[],[],[]
CM_URMC_00_HHE_100_2020010113595999.mseed_1398000,[],[],[],[]
CM_URMC_00_HHE_100_2020010113595999.mseed_1401000,[],[],[],[]
CM_URMC_00_HHE_100_2020010113595999.mseed_1404000,[],[],[],[]
CM_TAPM_00_HHE_100_2020010114000000.mseed_801000,[],[],[],[]
CM_URMC_00_HHE_100_2020010113595999.mseed_1407000,[],[],[],[]
CM_URMC_00_HHE_100_2020010113595999.mseed_1410000,[],[],[],[]
CM_TAPM_00_HHE_100_2020010114000000.mseed_804000,[],[],[],[]
CM_TAPM_00_HHE_100_2020010114000000.mseed_807000,[],[],[],[]
CM_URMC_00_HHE_100_2020010113595999.mseed_1413000,[],[],[],[]
CM_TAPM_00_HHE_100_2020010114000000.mseed_810000,[],[],[],[]
CM_URMC_00_HHE_100_2020010113595999.mseed_1416000,[],[],[],[]
CM_URMC_00_HHE_100_2020010113595999.mseed_1419000,[],[],[],[]
CM_TAPM_00_HHE_100_2020010114000000.mseed_813000,[617],[ 0.5006006],[817],[ 0.6875678]
CM_URMC_00_HHE_100_2020010113595999.mseed_1422000,[],[],[],[]
CM_TAPM_00_HHE_100_2020010114000000.mseed_816000,[],[],[],[]
CM_TAPM_00_HHE_100_2020010114000000.mseed_819000,[],[],[],[]
CM_URMC_00_HHE_100_2020010113595999.mseed_1425000,[],[],[],[]
CM_TAPM_00_HHE_100_2020010114000000.mseed_822000,[],[],[],[]
CM_URMC_00_HHE_100_2020010113595999.mseed_1428000,[],[],[],[]
CM_URMC_00_HHE_100_2020010113595999.mseed_1431000,[],[],[],[]
CM_URMC_00_HHE_100_2020010113595999.mseed_1434000,[],[],[],[]
CM_URMC_00_HHE_100_2020010113595999.mseed_1437000,[],[],[],[]
CM_TAPM_00_HHE_100_2020010114000000.mseed_825000,[],[],[],[]
CM_TAPM_00_HHE_100_2020010114000000.mseed_828000,[2120],[ 0.8456322],[1775],[ 0.3489085]
CM_TAPM_00_HHE_100_2020010114000000.mseed_831000,[],[],[96],[ 0.5519775]
CM_TAPM_00_HHE_100_2020010114000000.mseed_834000,[],[],[],[]
CM_TAPM_00_HHE_100_2020010114000000.mseed_837000,[1195],[ 0.37993556],[],[]
CM_TAPM_00_HHE_100_2020010114000000.mseed_840000,[],[],[],[]
CM_TAPM_00_HHE_100_2020010114000000.mseed_843000,[],[],[395],[ 0.35675928]
CM_TAPM_00_HHE_100_2020010114000000.mseed_846000,[],[],[],[]
CM_TAPM_00_HHE_100_2020010114000000.mseed_849000,[],[],[215],[ 0.34476244]
CM_TAPM_00_HHE_100_2020010114000000.mseed_852000,[],[],[],[]
CM_TAPM_00_HHE_100_2020010114000000.mseed_855000,[],[],[],[]
CM_TAPM_00_HHE_100_2020010114000000.mseed_858000,[2185],[ 0.31718338],[],[]
CM_TAPM_00_HHE_100_2020010114000000.mseed_861000,[],[],[],[]
CM_TAPM_00_HHE_100_2020010114000000.mseed_864000,[2755],[ 0.8568476],[2967],[ 0.4039782]
CM_TAPM_00_HHE_100_2020010114000000.mseed_867000,[],[],[46],[ 0.85259485]
CM_TAPM_00_HHE_100_2020010114000000.mseed_870000,[],[],[],[]
CM_TAPM_00_HHE_100_2020010114000000.mseed_873000,[2641],[ 0.8779502],[79],[ 0.3224256]
CM_TAPM_00_HHE_100_2020010114000000.mseed_876000,[],[],[],[]
CM_TAPM_00_HHE_100_2020010114000000.mseed_879000,[],[],[],[]
CM_TAPM_00_HHE_100_2020010114000000.mseed_882000,[],[],[146],[ 0.79704857]
CM_TAPM_00_HHE_100_2020010114000000.mseed_885000,[],[],[],[]
CM_TAPM_00_HHE_100_2020010114000000.mseed_888000,[],[],[],[]
CM_TAPM_00_HHE_100_2020010114000000.mseed_891000,[],[],[],[]
CM_TAPM_00_HHE_100_2020010114000000.mseed_894000,[],[],[],[]
CM_TAPM_00_HHE_100_2020010114000000.mseed_897000,[1789],[ 0.853361],[2011],[ 0.3495401]
CM_TAPM_00_HHE_100_2020010114000000.mseed_900000,[],[],[],[]
CM_TAPM_00_HHE_100_2020010114000000.mseed_903000,[2545],[ 0.4001484],[],[]
CM_TAPM_00_HHE_100_2020010114000000.mseed_906000,[],[],[],[]
CM_TAPM_00_HHE_100_2020010114000000.mseed_909000,[],[],[],[]
CM_TAPM_00_HHE_100_2020010114000000.mseed_912000,[],[],[],[]
CM_TAPM_00_HHE_100_2020010114000000.mseed_915000,[],[],[],[]
CM_TAPM_00_HHE_100_2020010114000000.mseed_918000,[],[],[],[]
CM_TAPM_00_HHE_100_2020010114000000.mseed_921000,[],[],[],[]
CM_TAPM_00_HHE_100_2020010114000000.mseed_924000,[],[],[],[]
CM_TAPM_00_HHE_100_2020010114000000.mseed_927000,[],[],[],[]
CM_TAPM_00_HHE_100_2020010114000000.mseed_930000,[],[],[],[]
CM_TAPM_00_HHE_100_2020010114000000.mseed_933000,[2605],[ 0.71954477],[2169],[ 0.59729993]
CM_TAPM_00_HHE_100_2020010114000000.mseed_936000,[1539],[ 0.70352626],[1764],[ 0.5166009]
CM_TAPM_00_HHE_100_2020010114000000.mseed_939000,[],[],[],[]
CM_TAPM_00_HHE_100_2020010114000000.mseed_942000,[1545],[ 0.6629663],[],[]
CM_TAPM_00_HHE_100_2020010114000000.mseed_945000,[],[],[799],[ 0.3105173]
CM_TAPM_00_HHE_100_2020010114000000.mseed_948000,[],[],[],[]
CM_TAPM_00_HHE_100_2020010114000000.mseed_951000,[],[],[],[]
CM_TAPM_00_HHE_100_2020010114000000.mseed_954000,[],[],[],[]
CM_TAPM_00_HHE_100_2020010114000000.mseed_957000,[],[],[],[]
CM_TAPM_00_HHE_100_2020010114000000.mseed_960000,[],[],[622],[ 0.7104323]
CM_TAPM_00_HHE_100_2020010114000000.mseed_963000,[],[],[],[]
CM_TAPM_00_HHE_100_2020010114000000.mseed_966000,[],[],[],[]
CM_TAPM_00_HHE_100_2020010114000000.mseed_969000,[],[],[],[]
CM_TAPM_00_HHE_100_2020010114000000.mseed_972000,[1139],[ 0.3622766],[],[]
CM_TAPM_00_HHE_100_2020010114000000.mseed_975000,[],[],[405],[ 0.7020201]
CM_TAPM_00_HHE_100_2020010114000000.mseed_978000,[],[],[],[]
CM_TAPM_00_HHE_100_2020010114000000.mseed_981000,[],[],[],[]
CM_TAPM_00_HHE_100_2020010114000000.mseed_984000,[],[],[],[]
CM_TAPM_00_HHE_100_2020010114000000.mseed_987000,[],[],[],[]
CM_TAPM_00_HHE_100_2020010114000000.mseed_990000,[439],[ 0.4883235],[655],[ 0.34418154]
CM_TAPM_00_HHE_100_2020010114000000.mseed_993000,[],[],[],[]
CM_TAPM_00_HHE_100_2020010114000000.mseed_996000,[],[],[],[]
CM_TAPM_00_HHE_100_2020010114000000.mseed_999000,[],[],[],[]
CM_TAPM_00_HHE_100_2020010114000000.mseed_1002000,[],[],[],[]
CM_TAPM_00_HHE_100_2020010114000000.mseed_1005000,[],[],[],[]
CM_TAPM_00_HHE_100_2020010114000000.mseed_1008000,[],[],[],[]
CM_TAPM_00_HHE_100_2020010114000000.mseed_1011000,[460],[ 0.7530317],[],[]
CM_TAPM_00_HHE_100_2020010114000000.mseed_1014000,[],[],[],[]
CM_TAPM_00_HHE_100_2020010114000000.mseed_1017000,[],[],[],[]
CM_TAPM_00_HHE_100_2020010114000000.mseed_1020000,[2636],[ 0.45265645],[],[]
CM_TAPM_00_HHE_100_2020010114000000.mseed_1023000,[663],[ 0.6642583],[1159],[ 0.58148277]
CM_TAPM_00_HHE_100_2020010114000000.mseed_1026000,[],[],[],[]
CM_TAPM_00_HHE_100_2020010114000000.mseed_1029000,[],[],[],[]
CM_TAPM_00_HHE_100_2020010114000000.mseed_1032000,[],[],[],[]
CM_TAPM_00_HHE_100_2020010114000000.mseed_1035000,[],[],[],[]
CM_TAPM_00_HHE_100_2020010114000000.mseed_1038000,[1328 2135],[ 0.37307388  0.42189232],[1607],[ 0.37678066]
CM_TAPM_00_HHE_100_2020010114000000.mseed_1041000,[],[],[],[]
CM_TAPM_00_HHE_100_2020010114000000.mseed_1044000,[],[],[],[]
CM_TAPM_00_HHE_100_2020010114000000.mseed_1047000,[],[],[],[]
CM_TAPM_00_HHE_100_2020010114000000.mseed_1050000,[2117],[ 0.9486852],[2448],[ 0.80473495]
CM_TAPM_00_HHE_100_2020010114000000.mseed_1053000,[],[],[],[]
CM_TAPM_00_HHE_100_2020010114000000.mseed_1056000,[],[],[],[]
CM_TAPM_00_HHE_100_2020010114000000.mseed_1059000,[],[],[],[]
CM_TAPM_00_HHE_100_2020010114000000.mseed_1062000,[],[],[],[]
CM_TAPM_00_HHE_100_2020010114000000.mseed_1065000,[2937],[ 0.47224122],[],[]
CM_TAPM_00_HHE_100_2020010114000000.mseed_1068000,[],[],[],[]
CM_TAPM_00_HHE_100_2020010114000000.mseed_1071000,[],[],[],[]
CM_TAPM_00_HHE_100_2020010114000000.mseed_1074000,[2749],[ 0.30483732],[],[]
CM_TAPM_00_HHE_100_2020010114000000.mseed_1077000,[],[],[],[]
CM_TAPM_00_HHE_100_2020010114000000.mseed_1080000,[],[],[],[]
CM_TAPM_00_HHE_100_2020010114000000.mseed_1083000,[],[],[],[]
CM_TAPM_00_HHE_100_2020010114000000.mseed_1086000,[1152],[ 0.30487907],[1392],[ 0.5631071]
CM_TAPM_00_HHE_100_2020010114000000.mseed_1089000,[],[],[],[]
CM_TAPM_00_HHE_100_2020010114000000.mseed_1092000,[],[],[],[]
CM_TAPM_00_HHE_100_2020010114000000.mseed_1095000,[558],[ 0.9491463],[899],[ 0.833832]
CM_TAPM_00_HHE_100_2020010114000000.mseed_1098000,[1821],[ 0.7183858],[],[]
CM_TAPM_00_HHE_100_2020010114000000.mseed_1101000,[513],[ 0.43900788],[],[]
CM_TAPM_00_HHE_100_2020010114000000.mseed_1104000,[],[],[],[]
CM_TAPM_00_HHE_100_2020010114000000.mseed_1107000,[246],[ 0.77560496],[481],[ 0.35166135]
CM_TAPM_00_HHE_100_2020010114000000.mseed_1110000,[],[],[],[]
CM_TAPM_00_HHE_100_2020010114000000.mseed_1113000,[],[],[],[]
CM_TAPM_00_HHE_100_2020010114000000.mseed_1116000,[],[],[],[]
CM_TAPM_00_HHE_100_2020010114000000.mseed_1119000,[],[],[],[]
CM_TAPM_00_HHE_100_2020010114000000.mseed_1122000,[],[],[],[]
CM_TAPM_00_HHE_100_2020010114000000.mseed_1125000,[2055],[ 0.3733678],[132],[ 0.43905205]
CM_TAPM_00_HHE_100_2020010114000000.mseed_1128000,[],[],[],[]
CM_TAPM_00_HHE_100_2020010114000000.mseed_1131000,[213],[ 0.6676815],[],[]
CM_TAPM_00_HHE_100_2020010114000000.mseed_1134000,[],[],[],[]
CM_TAPM_00_HHE_100_2020010114000000.mseed_1137000,[],[],[],[]
CM_TAPM_00_HHE_100_2020010114000000.mseed_1140000,[],[],[],[]
CM_TAPM_00_HHE_100_2020010114000000.mseed_1143000,[],[],[],[]
CM_TAPM_00_HHE_100_2020010114000000.mseed_1146000,[],[],[],[]
CM_TAPM_00_HHE_100_2020010114000000.mseed_1149000,[],[],[],[]
CM_TAPM_00_HHE_100_2020010114000000.mseed_1152000,[],[],[],[]
CM_TAPM_00_HHE_100_2020010114000000.mseed_1155000,[],[],[],[]
CM_TAPM_00_HHE_100_2020010114000000.mseed_1158000,[],[],[],[]
CM_TAPM_00_HHE_100_2020010114000000.mseed_1161000,[],[],[],[]
CM_TAPM_00_HHE_100_2020010114000000.mseed_1164000,[1699],[ 0.8651246],[1906],[ 0.8217438]
CM_TAPM_00_HHE_100_2020010114000000.mseed_1167000,[188],[ 0.44882196],[189],[ 0.4487262]
CM_TAPM_00_HHE_100_2020010114000000.mseed_1170000,[1015],[ 0.5733046],[],[]
CM_TAPM_00_HHE_100_2020010114000000.mseed_1173000,[],[],[],[]
CM_TAPM_00_HHE_100_2020010114000000.mseed_1176000,[],[],[],[]
CM_TAPM_00_HHE_100_2020010114000000.mseed_1179000,[2767],[ 0.8523265],[],[]
CM_TAPM_00_HHE_100_2020010114000000.mseed_1182000,[],[],[],[]
CM_TAPM_00_HHE_100_2020010114000000.mseed_1185000,[],[],[665],[ 0.6485239]
CM_TAPM_00_HHE_100_2020010114000000.mseed_1188000,[],[],[],[]
CM_TAPM_00_HHE_100_2020010114000000.mseed_1191000,[1684],[ 0.73208606],[2249],[ 0.6131927]
CM_TAPM_00_HHE_100_2020010114000000.mseed_1194000,[],[],[],[]
CM_TAPM_00_HHE_100_2020010114000000.mseed_1197000,[2959],[ 0.4615545],[],[]
CM_TAPM_00_HHE_100_2020010114000000.mseed_1200000,[],[],[],[]
CM_TAPM_00_HHE_100_2020010114000000.mseed_1203000,[],[],[],[]
CM_TAPM_00_HHE_100_2020010114000000.mseed_1206000,[],[],[],[]
CM_TAPM_00_HHE_100_2020010114000000.mseed_1209000,[],[],[],[]
CM_TAPM_00_HHE_100_2020010114000000.mseed_1212000,[237],[ 0.36771345],[599],[ 0.40542305]
CM_TAPM_00_HHE_100_2020010114000000.mseed_1215000,[],[],[],[]
CM_TAPM_00_HHE_100_2020010114000000.mseed_1218000,[],[],[],[]
CM_TAPM_00_HHE_100_2020010114000000.mseed_1221000,[],[],[],[]
CM_TAPM_00_HHE_100_2020010114000000.mseed_1224000,[],[],[],[]
CM_TAPM_00_HHE_100_2020010114000000.mseed_1227000,[],[],[],[]
CM_TAPM_00_HHE_100_2020010114000000.mseed_1230000,[],[],[],[]
CM_TAPM_00_HHE_100_2020010114000000.mseed_1233000,[],[],[],[]
CM_TAPM_00_HHE_100_2020010114000000.mseed_1236000,[1833 2884],[ 0.48819172  0.33030546],[],[]
CM_TAPM_00_HHE_100_2020010114000000.mseed_1239000,[],[],[],[]
CM_TAPM_00_HHE_100_2020010114000000.mseed_1242000,[],[],[],[]
CM_TAPM_00_HHE_100_2020010114000000.mseed_1245000,[],[],[],[]
CM_TAPM_00_HHE_100_2020010114000000.mseed_1248000,[2935],[ 0.8338774],[],[]
CM_TAPM_00_HHE_100_2020010114000000.mseed_1251000,[2257],[ 0.8857033],[2492],[ 0.7934711]
CM_TAPM_00_HHE_100_2020010114000000.mseed_1254000,[],[],[],[]
CM_TAPM_00_HHE_100_2020010114000000.mseed_1257000,[],[],[],[]
CM_TAPM_00_HHE_100_2020010114000000.mseed_1260000,[],[],[],[]
CM_TAPM_00_HHE_100_2020010114000000.mseed_1263000,[],[],[],[]
CM_TAPM_00_HHE_100_2020010114000000.mseed_1266000,[980],[ 0.7676562],[],[]
CM_TAPM_00_HHE_100_2020010114000000.mseed_1269000,[],[],[],[]
CM_TAPM_00_HHE_100_2020010114000000.mseed_1272000,[],[],[],[]
CM_TAPM_00_HHE_100_2020010114000000.mseed_1275000,[],[],[],[]
CM_TAPM_00_HHE_100_2020010114000000.mseed_1278000,[],[],[],[]
CM_TAPM_00_HHE_100_2020010114000000.mseed_1281000,[2075],[ 0.87918156],[2496],[ 0.5549347]
CM_TAPM_00_HHE_100_2020010114000000.mseed_1284000,[],[],[],[]
CM_TAPM_00_HHE_100_2020010114000000.mseed_1287000,[],[],[],[]
CM_TAPM_00_HHE_100_2020010114000000.mseed_1290000,[],[],[],[]
CM_TAPM_00_HHE_100_2020010114000000.mseed_1293000,[],[],[],[]
CM_TAPM_00_HHE_100_2020010114000000.mseed_1296000,[],[],[],[]
CM_TAPM_00_HHE_100_2020010114000000.mseed_1299000,[],[],[],[]
CM_TAPM_00_HHE_100_2020010114000000.mseed_1302000,[],[],[],[]
CM_TAPM_00_HHE_100_2020010114000000.mseed_1305000,[],[],[],[]
CM_TAPM_00_HHE_100_2020010114000000.mseed_1308000,[],[],[],[]
CM_TAPM_00_HHE_100_2020010114000000.mseed_1311000,[],[],[],[]
CM_TAPM_00_HHE_100_2020010114000000.mseed_1314000,[],[],[],[]
CM_TAPM_00_HHE_100_2020010114000000.mseed_1317000,[],[],[],[]
CM_TAPM_00_HHE_100_2020010114000000.mseed_1320000,[],[],[],[]
CM_TAPM_00_HHE_100_2020010114000000.mseed_1323000,[],[],[],[]
CM_TAPM_00_HHE_100_2020010114000000.mseed_1326000,[],[],[],[]
CM_TAPM_00_HHE_100_2020010114000000.mseed_1329000,[],[],[],[]
CM_TAPM_00_HHE_100_2020010114000000.mseed_1332000,[],[],[],[]
CM_TAPM_00_HHE_100_2020010114000000.mseed_1335000,[],[],[],[]
CM_TAPM_00_HHE_100_2020010114000000.mseed_1338000,[],[],[],[]
CM_TAPM_00_HHE_100_2020010114000000.mseed_1341000,[2077],[ 0.37958127],[],[]
CM_TAPM_00_HHE_100_2020010114000000.mseed_1344000,[2655],[ 0.7904411],[],[]
CM_TAPM_00_HHE_100_2020010114000000.mseed_1347000,[1641],[ 0.5848695],[1879],[ 0.42640853]
CM_TAPM_00_HHE_100_2020010114000000.mseed_1350000,[],[],[],[]
CM_TAPM_00_HHE_100_2020010114000000.mseed_1353000,[],[],[],[]
CM_TAPM_00_HHE_100_2020010114000000.mseed_1356000,[],[],[],[]
CM_TAPM_00_HHE_100_2020010114000000.mseed_1359000,[],[],[],[]
CM_TAPM_00_HHE_100_2020010114000000.mseed_1362000,[2686],[ 0.30331054],[2695],[ 0.481959]
CM_TAPM_00_HHE_100_2020010114000000.mseed_1365000,[],[],[],[]
CM_TAPM_00_HHE_100_2020010114000000.mseed_1368000,[],[],[],[]
CM_TAPM_00_HHE_100_2020010114000000.mseed_1371000,[ 392 2408],[ 0.75723016  0.6001894 ],[2645],[ 0.38722345]
CM_TAPM_00_HHE_100_2020010114000000.mseed_1374000,[],[],[],[]
CM_TAPM_00_HHE_100_2020010114000000.mseed_1377000,[],[],[],[]
CM_TAPM_00_HHE_100_2020010114000000.mseed_1380000,[],[],[],[]
CM_TAPM_00_HHE_100_2020010114000000.mseed_1383000,[],[],[],[]
CM_TAPM_00_HHE_100_2020010114000000.mseed_1386000,[],[],[],[]
CM_TAPM_00_HHE_100_2020010114000000.mseed_1389000,[],[],[],[]
CM_TAPM_00_HHE_100_2020010114000000.mseed_1392000,[],[],[],[]
CM_TAPM_00_HHE_100_2020010114000000.mseed_1395000,[],[],[],[]
CM_TAPM_00_HHE_100_2020010114000000.mseed_1398000,[],[],[],[]
CM_TAPM_00_HHE_100_2020010114000000.mseed_1401000,[],[],[],[]
CM_TAPM_00_HHE_100_2020010114000000.mseed_1404000,[],[],[2897],[ 0.37729725]
CM_TAPM_00_HHE_100_2020010114000000.mseed_1407000,[],[],[],[]
CM_TAPM_00_HHE_100_2020010114000000.mseed_1410000,[],[],[],[]
CM_TAPM_00_HHE_100_2020010114000000.mseed_1413000,[],[],[],[]
CM_TAPM_00_HHE_100_2020010114000000.mseed_1416000,[],[],[],[]
CM_TAPM_00_HHE_100_2020010114000000.mseed_1419000,[],[],[],[]
CM_TAPM_00_HHE_100_2020010114000000.mseed_1422000,[],[],[],[]
CM_TAPM_00_HHE_100_2020010114000000.mseed_1425000,[],[],[],[]
CM_TAPM_00_HHE_100_2020010114000000.mseed_1428000,[],[],[1131 2065],[ 0.3966104   0.40848368]
CM_TAPM_00_HHE_100_2020010114000000.mseed_1431000,[],[],[],[]
CM_TAPM_00_HHE_100_2020010114000000.mseed_1434000,[],[],[],[]
CM_TAPM_00_HHE_100_2020010114000000.mseed_1437000,[],[],[199],[ 0.3693371]
